,Genotype,Treatment,Behavior,class
0,Control,Memantine,C/S,c-CS-m
1,Control,Memantine,C/S,c-CS-m
2,Control,Memantine,C/S,c-CS-m
3,Control,Memantine,C/S,c-CS-m
4,Control,Memantine,C/S,c-CS-m
5,Control,Memantine,C/S,c-CS-m
6,Control,Memantine,C/S,c-CS-m
7,Control,Memantine,C/S,c-CS-m
8,Control,Memantine,C/S,c-CS-m
9,Control,Memantine,C/S,c-CS-m
10,Control,Memantine,C/S,c-CS-m
11,Control,Memantine,C/S,c-CS-m
12,Control,Memantine,C/S,c-CS-m
13,Control,Memantine,C/S,c-CS-m
14,Control,Memantine,C/S,c-CS-m
15,Control,Memantine,C/S,c-CS-m
16,Control,Memantine,C/S,c-CS-m
17,Control,Memantine,C/S,c-CS-m
18,Control,Memantine,C/S,c-CS-m
19,Control,Memantine,C/S,c-CS-m
20,Control,Memantine,C/S,c-CS-m
21,Control,Memantine,C/S,c-CS-m
22,Control,Memantine,C/S,c-CS-m
23,Control,Memantine,C/S,c-CS-m
24,Control,Memantine,C/S,c-CS-m
25,Control,Memantine,C/S,c-CS-m
26,Control,Memantine,C/S,c-CS-m
27,Control,Memantine,C/S,c-CS-m
28,Control,Memantine,C/S,c-CS-m
29,Control,Memantine,C/S,c-CS-m
30,Control,Memantine,C/S,c-CS-m
31,Control,Memantine,C/S,c-CS-m
32,Control,Memantine,C/S,c-CS-m
33,Control,Memantine,C/S,c-CS-m
34,Control,Memantine,C/S,c-CS-m
35,Control,Memantine,C/S,c-CS-m
36,Control,Memantine,C/S,c-CS-m
37,Control,Memantine,C/S,c-CS-m
38,Control,Memantine,C/S,c-CS-m
39,Control,Memantine,C/S,c-CS-m
40,Control,Memantine,C/S,c-CS-m
41,Control,Memantine,C/S,c-CS-m
42,Control,Memantine,C/S,c-CS-m
43,Control,Memantine,C/S,c-CS-m
44,Control,Memantine,C/S,c-CS-m
45,Control,Memantine,C/S,c-CS-m
46,Control,Memantine,C/S,c-CS-m
47,Control,Memantine,C/S,c-CS-m
48,Control,Memantine,C/S,c-CS-m
49,Control,Memantine,C/S,c-CS-m
50,Control,Memantine,C/S,c-CS-m
51,Control,Memantine,C/S,c-CS-m
52,Control,Memantine,C/S,c-CS-m
53,Control,Memantine,C/S,c-CS-m
54,Control,Memantine,C/S,c-CS-m
55,Control,Memantine,C/S,c-CS-m
56,Control,Memantine,C/S,c-CS-m
57,Control,Memantine,C/S,c-CS-m
58,Control,Memantine,C/S,c-CS-m
59,Control,Memantine,C/S,c-CS-m
60,Control,Memantine,C/S,c-CS-m
61,Control,Memantine,C/S,c-CS-m
62,Control,Memantine,C/S,c-CS-m
63,Control,Memantine,C/S,c-CS-m
64,Control,Memantine,C/S,c-CS-m
65,Control,Memantine,C/S,c-CS-m
66,Control,Memantine,C/S,c-CS-m
67,Control,Memantine,C/S,c-CS-m
68,Control,Memantine,C/S,c-CS-m
69,Control,Memantine,C/S,c-CS-m
70,Control,Memantine,C/S,c-CS-m
71,Control,Memantine,C/S,c-CS-m
72,Control,Memantine,C/S,c-CS-m
73,Control,Memantine,C/S,c-CS-m
74,Control,Memantine,C/S,c-CS-m
75,Control,Memantine,C/S,c-CS-m
76,Control,Memantine,C/S,c-CS-m
77,Control,Memantine,C/S,c-CS-m
78,Control,Memantine,C/S,c-CS-m
79,Control,Memantine,C/S,c-CS-m
80,Control,Memantine,C/S,c-CS-m
81,Control,Memantine,C/S,c-CS-m
82,Control,Memantine,C/S,c-CS-m
83,Control,Memantine,C/S,c-CS-m
84,Control,Memantine,C/S,c-CS-m
85,Control,Memantine,C/S,c-CS-m
86,Control,Memantine,C/S,c-CS-m
87,Control,Memantine,C/S,c-CS-m
88,Control,Memantine,C/S,c-CS-m
89,Control,Memantine,C/S,c-CS-m
90,Control,Memantine,C/S,c-CS-m
91,Control,Memantine,C/S,c-CS-m
92,Control,Memantine,C/S,c-CS-m
93,Control,Memantine,C/S,c-CS-m
94,Control,Memantine,C/S,c-CS-m
95,Control,Memantine,C/S,c-CS-m
96,Control,Memantine,C/S,c-CS-m
97,Control,Memantine,C/S,c-CS-m
98,Control,Memantine,C/S,c-CS-m
99,Control,Memantine,C/S,c-CS-m
100,Control,Memantine,C/S,c-CS-m
101,Control,Memantine,C/S,c-CS-m
102,Control,Memantine,C/S,c-CS-m
103,Control,Memantine,C/S,c-CS-m
104,Control,Memantine,C/S,c-CS-m
105,Control,Memantine,C/S,c-CS-m
106,Control,Memantine,C/S,c-CS-m
107,Control,Memantine,C/S,c-CS-m
108,Control,Memantine,C/S,c-CS-m
109,Control,Memantine,C/S,c-CS-m
110,Control,Memantine,C/S,c-CS-m
111,Control,Memantine,C/S,c-CS-m
112,Control,Memantine,C/S,c-CS-m
113,Control,Memantine,C/S,c-CS-m
114,Control,Memantine,C/S,c-CS-m
115,Control,Memantine,C/S,c-CS-m
116,Control,Memantine,C/S,c-CS-m
117,Control,Memantine,C/S,c-CS-m
118,Control,Memantine,C/S,c-CS-m
119,Control,Memantine,C/S,c-CS-m
120,Control,Memantine,C/S,c-CS-m
121,Control,Memantine,C/S,c-CS-m
122,Control,Memantine,C/S,c-CS-m
123,Control,Memantine,C/S,c-CS-m
124,Control,Memantine,C/S,c-CS-m
125,Control,Memantine,C/S,c-CS-m
126,Control,Memantine,C/S,c-CS-m
127,Control,Memantine,C/S,c-CS-m
128,Control,Memantine,C/S,c-CS-m
129,Control,Memantine,C/S,c-CS-m
130,Control,Memantine,C/S,c-CS-m
131,Control,Memantine,C/S,c-CS-m
132,Control,Memantine,C/S,c-CS-m
133,Control,Memantine,C/S,c-CS-m
134,Control,Memantine,C/S,c-CS-m
135,Control,Memantine,C/S,c-CS-m
136,Control,Memantine,C/S,c-CS-m
137,Control,Memantine,C/S,c-CS-m
138,Control,Memantine,C/S,c-CS-m
139,Control,Memantine,C/S,c-CS-m
140,Control,Memantine,C/S,c-CS-m
141,Control,Memantine,C/S,c-CS-m
142,Control,Memantine,C/S,c-CS-m
143,Control,Memantine,C/S,c-CS-m
144,Control,Memantine,C/S,c-CS-m
145,Control,Memantine,C/S,c-CS-m
146,Control,Memantine,C/S,c-CS-m
147,Control,Memantine,C/S,c-CS-m
148,Control,Memantine,C/S,c-CS-m
149,Control,Memantine,C/S,c-CS-m
150,Control,Memantine,S/C,c-SC-m
151,Control,Memantine,S/C,c-SC-m
152,Control,Memantine,S/C,c-SC-m
153,Control,Memantine,S/C,c-SC-m
154,Control,Memantine,S/C,c-SC-m
155,Control,Memantine,S/C,c-SC-m
156,Control,Memantine,S/C,c-SC-m
157,Control,Memantine,S/C,c-SC-m
158,Control,Memantine,S/C,c-SC-m
159,Control,Memantine,S/C,c-SC-m
160,Control,Memantine,S/C,c-SC-m
161,Control,Memantine,S/C,c-SC-m
162,Control,Memantine,S/C,c-SC-m
163,Control,Memantine,S/C,c-SC-m
164,Control,Memantine,S/C,c-SC-m
165,Control,Memantine,S/C,c-SC-m
166,Control,Memantine,S/C,c-SC-m
167,Control,Memantine,S/C,c-SC-m
168,Control,Memantine,S/C,c-SC-m
169,Control,Memantine,S/C,c-SC-m
170,Control,Memantine,S/C,c-SC-m
171,Control,Memantine,S/C,c-SC-m
172,Control,Memantine,S/C,c-SC-m
173,Control,Memantine,S/C,c-SC-m
174,Control,Memantine,S/C,c-SC-m
175,Control,Memantine,S/C,c-SC-m
176,Control,Memantine,S/C,c-SC-m
177,Control,Memantine,S/C,c-SC-m
178,Control,Memantine,S/C,c-SC-m
179,Control,Memantine,S/C,c-SC-m
180,Control,Memantine,S/C,c-SC-m
181,Control,Memantine,S/C,c-SC-m
182,Control,Memantine,S/C,c-SC-m
183,Control,Memantine,S/C,c-SC-m
184,Control,Memantine,S/C,c-SC-m
185,Control,Memantine,S/C,c-SC-m
186,Control,Memantine,S/C,c-SC-m
187,Control,Memantine,S/C,c-SC-m
188,Control,Memantine,S/C,c-SC-m
189,Control,Memantine,S/C,c-SC-m
190,Control,Memantine,S/C,c-SC-m
191,Control,Memantine,S/C,c-SC-m
192,Control,Memantine,S/C,c-SC-m
193,Control,Memantine,S/C,c-SC-m
194,Control,Memantine,S/C,c-SC-m
195,Control,Memantine,S/C,c-SC-m
196,Control,Memantine,S/C,c-SC-m
197,Control,Memantine,S/C,c-SC-m
198,Control,Memantine,S/C,c-SC-m
199,Control,Memantine,S/C,c-SC-m
200,Control,Memantine,S/C,c-SC-m
201,Control,Memantine,S/C,c-SC-m
202,Control,Memantine,S/C,c-SC-m
203,Control,Memantine,S/C,c-SC-m
204,Control,Memantine,S/C,c-SC-m
205,Control,Memantine,S/C,c-SC-m
206,Control,Memantine,S/C,c-SC-m
207,Control,Memantine,S/C,c-SC-m
208,Control,Memantine,S/C,c-SC-m
209,Control,Memantine,S/C,c-SC-m
210,Control,Memantine,S/C,c-SC-m
211,Control,Memantine,S/C,c-SC-m
212,Control,Memantine,S/C,c-SC-m
213,Control,Memantine,S/C,c-SC-m
214,Control,Memantine,S/C,c-SC-m
215,Control,Memantine,S/C,c-SC-m
216,Control,Memantine,S/C,c-SC-m
217,Control,Memantine,S/C,c-SC-m
218,Control,Memantine,S/C,c-SC-m
219,Control,Memantine,S/C,c-SC-m
220,Control,Memantine,S/C,c-SC-m
221,Control,Memantine,S/C,c-SC-m
222,Control,Memantine,S/C,c-SC-m
223,Control,Memantine,S/C,c-SC-m
224,Control,Memantine,S/C,c-SC-m
225,Control,Memantine,S/C,c-SC-m
226,Control,Memantine,S/C,c-SC-m
227,Control,Memantine,S/C,c-SC-m
228,Control,Memantine,S/C,c-SC-m
229,Control,Memantine,S/C,c-SC-m
230,Control,Memantine,S/C,c-SC-m
231,Control,Memantine,S/C,c-SC-m
232,Control,Memantine,S/C,c-SC-m
233,Control,Memantine,S/C,c-SC-m
234,Control,Memantine,S/C,c-SC-m
235,Control,Memantine,S/C,c-SC-m
236,Control,Memantine,S/C,c-SC-m
237,Control,Memantine,S/C,c-SC-m
238,Control,Memantine,S/C,c-SC-m
239,Control,Memantine,S/C,c-SC-m
240,Control,Memantine,S/C,c-SC-m
241,Control,Memantine,S/C,c-SC-m
242,Control,Memantine,S/C,c-SC-m
243,Control,Memantine,S/C,c-SC-m
244,Control,Memantine,S/C,c-SC-m
245,Control,Memantine,S/C,c-SC-m
246,Control,Memantine,S/C,c-SC-m
247,Control,Memantine,S/C,c-SC-m
248,Control,Memantine,S/C,c-SC-m
249,Control,Memantine,S/C,c-SC-m
250,Control,Memantine,S/C,c-SC-m
251,Control,Memantine,S/C,c-SC-m
252,Control,Memantine,S/C,c-SC-m
253,Control,Memantine,S/C,c-SC-m
254,Control,Memantine,S/C,c-SC-m
255,Control,Memantine,S/C,c-SC-m
256,Control,Memantine,S/C,c-SC-m
257,Control,Memantine,S/C,c-SC-m
258,Control,Memantine,S/C,c-SC-m
259,Control,Memantine,S/C,c-SC-m
260,Control,Memantine,S/C,c-SC-m
261,Control,Memantine,S/C,c-SC-m
262,Control,Memantine,S/C,c-SC-m
263,Control,Memantine,S/C,c-SC-m
264,Control,Memantine,S/C,c-SC-m
265,Control,Memantine,S/C,c-SC-m
266,Control,Memantine,S/C,c-SC-m
267,Control,Memantine,S/C,c-SC-m
268,Control,Memantine,S/C,c-SC-m
269,Control,Memantine,S/C,c-SC-m
270,Control,Memantine,S/C,c-SC-m
271,Control,Memantine,S/C,c-SC-m
272,Control,Memantine,S/C,c-SC-m
273,Control,Memantine,S/C,c-SC-m
274,Control,Memantine,S/C,c-SC-m
275,Control,Memantine,S/C,c-SC-m
276,Control,Memantine,S/C,c-SC-m
277,Control,Memantine,S/C,c-SC-m
278,Control,Memantine,S/C,c-SC-m
279,Control,Memantine,S/C,c-SC-m
280,Control,Memantine,S/C,c-SC-m
281,Control,Memantine,S/C,c-SC-m
282,Control,Memantine,S/C,c-SC-m
283,Control,Memantine,S/C,c-SC-m
284,Control,Memantine,S/C,c-SC-m
285,Control,Memantine,S/C,c-SC-m
286,Control,Memantine,S/C,c-SC-m
287,Control,Memantine,S/C,c-SC-m
288,Control,Memantine,S/C,c-SC-m
289,Control,Memantine,S/C,c-SC-m
290,Control,Memantine,S/C,c-SC-m
291,Control,Memantine,S/C,c-SC-m
292,Control,Memantine,S/C,c-SC-m
293,Control,Memantine,S/C,c-SC-m
294,Control,Memantine,S/C,c-SC-m
295,Control,Memantine,S/C,c-SC-m
296,Control,Memantine,S/C,c-SC-m
297,Control,Memantine,S/C,c-SC-m
298,Control,Memantine,S/C,c-SC-m
299,Control,Memantine,S/C,c-SC-m
300,Control,Saline,C/S,c-CS-s
301,Control,Saline,C/S,c-CS-s
302,Control,Saline,C/S,c-CS-s
303,Control,Saline,C/S,c-CS-s
304,Control,Saline,C/S,c-CS-s
305,Control,Saline,C/S,c-CS-s
306,Control,Saline,C/S,c-CS-s
307,Control,Saline,C/S,c-CS-s
308,Control,Saline,C/S,c-CS-s
309,Control,Saline,C/S,c-CS-s
310,Control,Saline,C/S,c-CS-s
311,Control,Saline,C/S,c-CS-s
312,Control,Saline,C/S,c-CS-s
313,Control,Saline,C/S,c-CS-s
314,Control,Saline,C/S,c-CS-s
315,Control,Saline,C/S,c-CS-s
316,Control,Saline,C/S,c-CS-s
317,Control,Saline,C/S,c-CS-s
318,Control,Saline,C/S,c-CS-s
319,Control,Saline,C/S,c-CS-s
320,Control,Saline,C/S,c-CS-s
321,Control,Saline,C/S,c-CS-s
322,Control,Saline,C/S,c-CS-s
323,Control,Saline,C/S,c-CS-s
324,Control,Saline,C/S,c-CS-s
325,Control,Saline,C/S,c-CS-s
326,Control,Saline,C/S,c-CS-s
327,Control,Saline,C/S,c-CS-s
328,Control,Saline,C/S,c-CS-s
329,Control,Saline,C/S,c-CS-s
330,Control,Saline,C/S,c-CS-s
331,Control,Saline,C/S,c-CS-s
332,Control,Saline,C/S,c-CS-s
333,Control,Saline,C/S,c-CS-s
334,Control,Saline,C/S,c-CS-s
335,Control,Saline,C/S,c-CS-s
336,Control,Saline,C/S,c-CS-s
337,Control,Saline,C/S,c-CS-s
338,Control,Saline,C/S,c-CS-s
339,Control,Saline,C/S,c-CS-s
340,Control,Saline,C/S,c-CS-s
341,Control,Saline,C/S,c-CS-s
342,Control,Saline,C/S,c-CS-s
343,Control,Saline,C/S,c-CS-s
344,Control,Saline,C/S,c-CS-s
345,Control,Saline,C/S,c-CS-s
346,Control,Saline,C/S,c-CS-s
347,Control,Saline,C/S,c-CS-s
348,Control,Saline,C/S,c-CS-s
349,Control,Saline,C/S,c-CS-s
350,Control,Saline,C/S,c-CS-s
351,Control,Saline,C/S,c-CS-s
352,Control,Saline,C/S,c-CS-s
353,Control,Saline,C/S,c-CS-s
354,Control,Saline,C/S,c-CS-s
355,Control,Saline,C/S,c-CS-s
356,Control,Saline,C/S,c-CS-s
357,Control,Saline,C/S,c-CS-s
358,Control,Saline,C/S,c-CS-s
359,Control,Saline,C/S,c-CS-s
360,Control,Saline,C/S,c-CS-s
361,Control,Saline,C/S,c-CS-s
362,Control,Saline,C/S,c-CS-s
363,Control,Saline,C/S,c-CS-s
364,Control,Saline,C/S,c-CS-s
365,Control,Saline,C/S,c-CS-s
366,Control,Saline,C/S,c-CS-s
367,Control,Saline,C/S,c-CS-s
368,Control,Saline,C/S,c-CS-s
369,Control,Saline,C/S,c-CS-s
370,Control,Saline,C/S,c-CS-s
371,Control,Saline,C/S,c-CS-s
372,Control,Saline,C/S,c-CS-s
373,Control,Saline,C/S,c-CS-s
374,Control,Saline,C/S,c-CS-s
375,Control,Saline,C/S,c-CS-s
376,Control,Saline,C/S,c-CS-s
377,Control,Saline,C/S,c-CS-s
378,Control,Saline,C/S,c-CS-s
379,Control,Saline,C/S,c-CS-s
380,Control,Saline,C/S,c-CS-s
381,Control,Saline,C/S,c-CS-s
382,Control,Saline,C/S,c-CS-s
383,Control,Saline,C/S,c-CS-s
384,Control,Saline,C/S,c-CS-s
385,Control,Saline,C/S,c-CS-s
386,Control,Saline,C/S,c-CS-s
387,Control,Saline,C/S,c-CS-s
388,Control,Saline,C/S,c-CS-s
389,Control,Saline,C/S,c-CS-s
390,Control,Saline,C/S,c-CS-s
391,Control,Saline,C/S,c-CS-s
392,Control,Saline,C/S,c-CS-s
393,Control,Saline,C/S,c-CS-s
394,Control,Saline,C/S,c-CS-s
395,Control,Saline,C/S,c-CS-s
396,Control,Saline,C/S,c-CS-s
397,Control,Saline,C/S,c-CS-s
398,Control,Saline,C/S,c-CS-s
399,Control,Saline,C/S,c-CS-s
400,Control,Saline,C/S,c-CS-s
401,Control,Saline,C/S,c-CS-s
402,Control,Saline,C/S,c-CS-s
403,Control,Saline,C/S,c-CS-s
404,Control,Saline,C/S,c-CS-s
405,Control,Saline,C/S,c-CS-s
406,Control,Saline,C/S,c-CS-s
407,Control,Saline,C/S,c-CS-s
408,Control,Saline,C/S,c-CS-s
409,Control,Saline,C/S,c-CS-s
410,Control,Saline,C/S,c-CS-s
411,Control,Saline,C/S,c-CS-s
412,Control,Saline,C/S,c-CS-s
413,Control,Saline,C/S,c-CS-s
414,Control,Saline,C/S,c-CS-s
415,Control,Saline,C/S,c-CS-s
416,Control,Saline,C/S,c-CS-s
417,Control,Saline,C/S,c-CS-s
418,Control,Saline,C/S,c-CS-s
419,Control,Saline,C/S,c-CS-s
420,Control,Saline,C/S,c-CS-s
421,Control,Saline,C/S,c-CS-s
422,Control,Saline,C/S,c-CS-s
423,Control,Saline,C/S,c-CS-s
424,Control,Saline,C/S,c-CS-s
425,Control,Saline,C/S,c-CS-s
426,Control,Saline,C/S,c-CS-s
427,Control,Saline,C/S,c-CS-s
428,Control,Saline,C/S,c-CS-s
429,Control,Saline,C/S,c-CS-s
430,Control,Saline,C/S,c-CS-s
431,Control,Saline,C/S,c-CS-s
432,Control,Saline,C/S,c-CS-s
433,Control,Saline,C/S,c-CS-s
434,Control,Saline,C/S,c-CS-s
435,Control,Saline,S/C,c-SC-s
436,Control,Saline,S/C,c-SC-s
437,Control,Saline,S/C,c-SC-s
438,Control,Saline,S/C,c-SC-s
439,Control,Saline,S/C,c-SC-s
440,Control,Saline,S/C,c-SC-s
441,Control,Saline,S/C,c-SC-s
442,Control,Saline,S/C,c-SC-s
443,Control,Saline,S/C,c-SC-s
444,Control,Saline,S/C,c-SC-s
445,Control,Saline,S/C,c-SC-s
446,Control,Saline,S/C,c-SC-s
447,Control,Saline,S/C,c-SC-s
448,Control,Saline,S/C,c-SC-s
449,Control,Saline,S/C,c-SC-s
450,Control,Saline,S/C,c-SC-s
451,Control,Saline,S/C,c-SC-s
452,Control,Saline,S/C,c-SC-s
453,Control,Saline,S/C,c-SC-s
454,Control,Saline,S/C,c-SC-s
455,Control,Saline,S/C,c-SC-s
456,Control,Saline,S/C,c-SC-s
457,Control,Saline,S/C,c-SC-s
458,Control,Saline,S/C,c-SC-s
459,Control,Saline,S/C,c-SC-s
460,Control,Saline,S/C,c-SC-s
461,Control,Saline,S/C,c-SC-s
462,Control,Saline,S/C,c-SC-s
463,Control,Saline,S/C,c-SC-s
464,Control,Saline,S/C,c-SC-s
465,Control,Saline,S/C,c-SC-s
466,Control,Saline,S/C,c-SC-s
467,Control,Saline,S/C,c-SC-s
468,Control,Saline,S/C,c-SC-s
469,Control,Saline,S/C,c-SC-s
470,Control,Saline,S/C,c-SC-s
471,Control,Saline,S/C,c-SC-s
472,Control,Saline,S/C,c-SC-s
473,Control,Saline,S/C,c-SC-s
474,Control,Saline,S/C,c-SC-s
475,Control,Saline,S/C,c-SC-s
476,Control,Saline,S/C,c-SC-s
477,Control,Saline,S/C,c-SC-s
478,Control,Saline,S/C,c-SC-s
479,Control,Saline,S/C,c-SC-s
480,Control,Saline,S/C,c-SC-s
481,Control,Saline,S/C,c-SC-s
482,Control,Saline,S/C,c-SC-s
483,Control,Saline,S/C,c-SC-s
484,Control,Saline,S/C,c-SC-s
485,Control,Saline,S/C,c-SC-s
486,Control,Saline,S/C,c-SC-s
487,Control,Saline,S/C,c-SC-s
488,Control,Saline,S/C,c-SC-s
489,Control,Saline,S/C,c-SC-s
490,Control,Saline,S/C,c-SC-s
491,Control,Saline,S/C,c-SC-s
492,Control,Saline,S/C,c-SC-s
493,Control,Saline,S/C,c-SC-s
494,Control,Saline,S/C,c-SC-s
495,Control,Saline,S/C,c-SC-s
496,Control,Saline,S/C,c-SC-s
497,Control,Saline,S/C,c-SC-s
498,Control,Saline,S/C,c-SC-s
499,Control,Saline,S/C,c-SC-s
500,Control,Saline,S/C,c-SC-s
501,Control,Saline,S/C,c-SC-s
502,Control,Saline,S/C,c-SC-s
503,Control,Saline,S/C,c-SC-s
504,Control,Saline,S/C,c-SC-s
505,Control,Saline,S/C,c-SC-s
506,Control,Saline,S/C,c-SC-s
507,Control,Saline,S/C,c-SC-s
508,Control,Saline,S/C,c-SC-s
509,Control,Saline,S/C,c-SC-s
510,Control,Saline,S/C,c-SC-s
511,Control,Saline,S/C,c-SC-s
512,Control,Saline,S/C,c-SC-s
513,Control,Saline,S/C,c-SC-s
514,Control,Saline,S/C,c-SC-s
515,Control,Saline,S/C,c-SC-s
516,Control,Saline,S/C,c-SC-s
517,Control,Saline,S/C,c-SC-s
518,Control,Saline,S/C,c-SC-s
519,Control,Saline,S/C,c-SC-s
520,Control,Saline,S/C,c-SC-s
521,Control,Saline,S/C,c-SC-s
522,Control,Saline,S/C,c-SC-s
523,Control,Saline,S/C,c-SC-s
524,Control,Saline,S/C,c-SC-s
525,Control,Saline,S/C,c-SC-s
526,Control,Saline,S/C,c-SC-s
527,Control,Saline,S/C,c-SC-s
528,Control,Saline,S/C,c-SC-s
529,Control,Saline,S/C,c-SC-s
530,Control,Saline,S/C,c-SC-s
531,Control,Saline,S/C,c-SC-s
532,Control,Saline,S/C,c-SC-s
533,Control,Saline,S/C,c-SC-s
534,Control,Saline,S/C,c-SC-s
535,Control,Saline,S/C,c-SC-s
536,Control,Saline,S/C,c-SC-s
537,Control,Saline,S/C,c-SC-s
538,Control,Saline,S/C,c-SC-s
539,Control,Saline,S/C,c-SC-s
540,Control,Saline,S/C,c-SC-s
541,Control,Saline,S/C,c-SC-s
542,Control,Saline,S/C,c-SC-s
543,Control,Saline,S/C,c-SC-s
544,Control,Saline,S/C,c-SC-s
545,Control,Saline,S/C,c-SC-s
546,Control,Saline,S/C,c-SC-s
547,Control,Saline,S/C,c-SC-s
548,Control,Saline,S/C,c-SC-s
549,Control,Saline,S/C,c-SC-s
550,Control,Saline,S/C,c-SC-s
551,Control,Saline,S/C,c-SC-s
552,Control,Saline,S/C,c-SC-s
553,Control,Saline,S/C,c-SC-s
554,Control,Saline,S/C,c-SC-s
555,Control,Saline,S/C,c-SC-s
556,Control,Saline,S/C,c-SC-s
557,Control,Saline,S/C,c-SC-s
558,Control,Saline,S/C,c-SC-s
559,Control,Saline,S/C,c-SC-s
560,Control,Saline,S/C,c-SC-s
561,Control,Saline,S/C,c-SC-s
562,Control,Saline,S/C,c-SC-s
563,Control,Saline,S/C,c-SC-s
564,Control,Saline,S/C,c-SC-s
565,Control,Saline,S/C,c-SC-s
566,Control,Saline,S/C,c-SC-s
567,Control,Saline,S/C,c-SC-s
568,Control,Saline,S/C,c-SC-s
569,Control,Saline,S/C,c-SC-s
570,Ts65Dn,Memantine,C/S,t-CS-m
571,Ts65Dn,Memantine,C/S,t-CS-m
572,Ts65Dn,Memantine,C/S,t-CS-m
573,Ts65Dn,Memantine,C/S,t-CS-m
574,Ts65Dn,Memantine,C/S,t-CS-m
575,Ts65Dn,Memantine,C/S,t-CS-m
576,Ts65Dn,Memantine,C/S,t-CS-m
577,Ts65Dn,Memantine,C/S,t-CS-m
578,Ts65Dn,Memantine,C/S,t-CS-m
579,Ts65Dn,Memantine,C/S,t-CS-m
580,Ts65Dn,Memantine,C/S,t-CS-m
581,Ts65Dn,Memantine,C/S,t-CS-m
582,Ts65Dn,Memantine,C/S,t-CS-m
583,Ts65Dn,Memantine,C/S,t-CS-m
584,Ts65Dn,Memantine,C/S,t-CS-m
585,Ts65Dn,Memantine,C/S,t-CS-m
586,Ts65Dn,Memantine,C/S,t-CS-m
587,Ts65Dn,Memantine,C/S,t-CS-m
588,Ts65Dn,Memantine,C/S,t-CS-m
589,Ts65Dn,Memantine,C/S,t-CS-m
590,Ts65Dn,Memantine,C/S,t-CS-m
591,Ts65Dn,Memantine,C/S,t-CS-m
592,Ts65Dn,Memantine,C/S,t-CS-m
593,Ts65Dn,Memantine,C/S,t-CS-m
594,Ts65Dn,Memantine,C/S,t-CS-m
595,Ts65Dn,Memantine,C/S,t-CS-m
596,Ts65Dn,Memantine,C/S,t-CS-m
597,Ts65Dn,Memantine,C/S,t-CS-m
598,Ts65Dn,Memantine,C/S,t-CS-m
599,Ts65Dn,Memantine,C/S,t-CS-m
600,Ts65Dn,Memantine,C/S,t-CS-m
601,Ts65Dn,Memantine,C/S,t-CS-m
602,Ts65Dn,Memantine,C/S,t-CS-m
603,Ts65Dn,Memantine,C/S,t-CS-m
604,Ts65Dn,Memantine,C/S,t-CS-m
605,Ts65Dn,Memantine,C/S,t-CS-m
606,Ts65Dn,Memantine,C/S,t-CS-m
607,Ts65Dn,Memantine,C/S,t-CS-m
608,Ts65Dn,Memantine,C/S,t-CS-m
609,Ts65Dn,Memantine,C/S,t-CS-m
610,Ts65Dn,Memantine,C/S,t-CS-m
611,Ts65Dn,Memantine,C/S,t-CS-m
612,Ts65Dn,Memantine,C/S,t-CS-m
613,Ts65Dn,Memantine,C/S,t-CS-m
614,Ts65Dn,Memantine,C/S,t-CS-m
615,Ts65Dn,Memantine,C/S,t-CS-m
616,Ts65Dn,Memantine,C/S,t-CS-m
617,Ts65Dn,Memantine,C/S,t-CS-m
618,Ts65Dn,Memantine,C/S,t-CS-m
619,Ts65Dn,Memantine,C/S,t-CS-m
620,Ts65Dn,Memantine,C/S,t-CS-m
621,Ts65Dn,Memantine,C/S,t-CS-m
622,Ts65Dn,Memantine,C/S,t-CS-m
623,Ts65Dn,Memantine,C/S,t-CS-m
624,Ts65Dn,Memantine,C/S,t-CS-m
625,Ts65Dn,Memantine,C/S,t-CS-m
626,Ts65Dn,Memantine,C/S,t-CS-m
627,Ts65Dn,Memantine,C/S,t-CS-m
628,Ts65Dn,Memantine,C/S,t-CS-m
629,Ts65Dn,Memantine,C/S,t-CS-m
630,Ts65Dn,Memantine,C/S,t-CS-m
631,Ts65Dn,Memantine,C/S,t-CS-m
632,Ts65Dn,Memantine,C/S,t-CS-m
633,Ts65Dn,Memantine,C/S,t-CS-m
634,Ts65Dn,Memantine,C/S,t-CS-m
635,Ts65Dn,Memantine,C/S,t-CS-m
636,Ts65Dn,Memantine,C/S,t-CS-m
637,Ts65Dn,Memantine,C/S,t-CS-m
638,Ts65Dn,Memantine,C/S,t-CS-m
639,Ts65Dn,Memantine,C/S,t-CS-m
640,Ts65Dn,Memantine,C/S,t-CS-m
641,Ts65Dn,Memantine,C/S,t-CS-m
642,Ts65Dn,Memantine,C/S,t-CS-m
643,Ts65Dn,Memantine,C/S,t-CS-m
644,Ts65Dn,Memantine,C/S,t-CS-m
645,Ts65Dn,Memantine,C/S,t-CS-m
646,Ts65Dn,Memantine,C/S,t-CS-m
647,Ts65Dn,Memantine,C/S,t-CS-m
648,Ts65Dn,Memantine,C/S,t-CS-m
649,Ts65Dn,Memantine,C/S,t-CS-m
650,Ts65Dn,Memantine,C/S,t-CS-m
651,Ts65Dn,Memantine,C/S,t-CS-m
652,Ts65Dn,Memantine,C/S,t-CS-m
653,Ts65Dn,Memantine,C/S,t-CS-m
654,Ts65Dn,Memantine,C/S,t-CS-m
655,Ts65Dn,Memantine,C/S,t-CS-m
656,Ts65Dn,Memantine,C/S,t-CS-m
657,Ts65Dn,Memantine,C/S,t-CS-m
658,Ts65Dn,Memantine,C/S,t-CS-m
659,Ts65Dn,Memantine,C/S,t-CS-m
660,Ts65Dn,Memantine,C/S,t-CS-m
661,Ts65Dn,Memantine,C/S,t-CS-m
662,Ts65Dn,Memantine,C/S,t-CS-m
663,Ts65Dn,Memantine,C/S,t-CS-m
664,Ts65Dn,Memantine,C/S,t-CS-m
665,Ts65Dn,Memantine,C/S,t-CS-m
666,Ts65Dn,Memantine,C/S,t-CS-m
667,Ts65Dn,Memantine,C/S,t-CS-m
668,Ts65Dn,Memantine,C/S,t-CS-m
669,Ts65Dn,Memantine,C/S,t-CS-m
670,Ts65Dn,Memantine,C/S,t-CS-m
671,Ts65Dn,Memantine,C/S,t-CS-m
672,Ts65Dn,Memantine,C/S,t-CS-m
673,Ts65Dn,Memantine,C/S,t-CS-m
674,Ts65Dn,Memantine,C/S,t-CS-m
675,Ts65Dn,Memantine,C/S,t-CS-m
676,Ts65Dn,Memantine,C/S,t-CS-m
677,Ts65Dn,Memantine,C/S,t-CS-m
678,Ts65Dn,Memantine,C/S,t-CS-m
679,Ts65Dn,Memantine,C/S,t-CS-m
680,Ts65Dn,Memantine,C/S,t-CS-m
681,Ts65Dn,Memantine,C/S,t-CS-m
682,Ts65Dn,Memantine,C/S,t-CS-m
683,Ts65Dn,Memantine,C/S,t-CS-m
684,Ts65Dn,Memantine,C/S,t-CS-m
685,Ts65Dn,Memantine,C/S,t-CS-m
686,Ts65Dn,Memantine,C/S,t-CS-m
687,Ts65Dn,Memantine,C/S,t-CS-m
688,Ts65Dn,Memantine,C/S,t-CS-m
689,Ts65Dn,Memantine,C/S,t-CS-m
690,Ts65Dn,Memantine,C/S,t-CS-m
691,Ts65Dn,Memantine,C/S,t-CS-m
692,Ts65Dn,Memantine,C/S,t-CS-m
693,Ts65Dn,Memantine,C/S,t-CS-m
694,Ts65Dn,Memantine,C/S,t-CS-m
695,Ts65Dn,Memantine,C/S,t-CS-m
696,Ts65Dn,Memantine,C/S,t-CS-m
697,Ts65Dn,Memantine,C/S,t-CS-m
698,Ts65Dn,Memantine,C/S,t-CS-m
699,Ts65Dn,Memantine,C/S,t-CS-m
700,Ts65Dn,Memantine,C/S,t-CS-m
701,Ts65Dn,Memantine,C/S,t-CS-m
702,Ts65Dn,Memantine,C/S,t-CS-m
703,Ts65Dn,Memantine,C/S,t-CS-m
704,Ts65Dn,Memantine,C/S,t-CS-m
705,Ts65Dn,Memantine,S/C,t-SC-m
706,Ts65Dn,Memantine,S/C,t-SC-m
707,Ts65Dn,Memantine,S/C,t-SC-m
708,Ts65Dn,Memantine,S/C,t-SC-m
709,Ts65Dn,Memantine,S/C,t-SC-m
710,Ts65Dn,Memantine,S/C,t-SC-m
711,Ts65Dn,Memantine,S/C,t-SC-m
712,Ts65Dn,Memantine,S/C,t-SC-m
713,Ts65Dn,Memantine,S/C,t-SC-m
714,Ts65Dn,Memantine,S/C,t-SC-m
715,Ts65Dn,Memantine,S/C,t-SC-m
716,Ts65Dn,Memantine,S/C,t-SC-m
717,Ts65Dn,Memantine,S/C,t-SC-m
718,Ts65Dn,Memantine,S/C,t-SC-m
719,Ts65Dn,Memantine,S/C,t-SC-m
720,Ts65Dn,Memantine,S/C,t-SC-m
721,Ts65Dn,Memantine,S/C,t-SC-m
722,Ts65Dn,Memantine,S/C,t-SC-m
723,Ts65Dn,Memantine,S/C,t-SC-m
724,Ts65Dn,Memantine,S/C,t-SC-m
725,Ts65Dn,Memantine,S/C,t-SC-m
726,Ts65Dn,Memantine,S/C,t-SC-m
727,Ts65Dn,Memantine,S/C,t-SC-m
728,Ts65Dn,Memantine,S/C,t-SC-m
729,Ts65Dn,Memantine,S/C,t-SC-m
730,Ts65Dn,Memantine,S/C,t-SC-m
731,Ts65Dn,Memantine,S/C,t-SC-m
732,Ts65Dn,Memantine,S/C,t-SC-m
733,Ts65Dn,Memantine,S/C,t-SC-m
734,Ts65Dn,Memantine,S/C,t-SC-m
735,Ts65Dn,Memantine,S/C,t-SC-m
736,Ts65Dn,Memantine,S/C,t-SC-m
737,Ts65Dn,Memantine,S/C,t-SC-m
738,Ts65Dn,Memantine,S/C,t-SC-m
739,Ts65Dn,Memantine,S/C,t-SC-m
740,Ts65Dn,Memantine,S/C,t-SC-m
741,Ts65Dn,Memantine,S/C,t-SC-m
742,Ts65Dn,Memantine,S/C,t-SC-m
743,Ts65Dn,Memantine,S/C,t-SC-m
744,Ts65Dn,Memantine,S/C,t-SC-m
745,Ts65Dn,Memantine,S/C,t-SC-m
746,Ts65Dn,Memantine,S/C,t-SC-m
747,Ts65Dn,Memantine,S/C,t-SC-m
748,Ts65Dn,Memantine,S/C,t-SC-m
749,Ts65Dn,Memantine,S/C,t-SC-m
750,Ts65Dn,Memantine,S/C,t-SC-m
751,Ts65Dn,Memantine,S/C,t-SC-m
752,Ts65Dn,Memantine,S/C,t-SC-m
753,Ts65Dn,Memantine,S/C,t-SC-m
754,Ts65Dn,Memantine,S/C,t-SC-m
755,Ts65Dn,Memantine,S/C,t-SC-m
756,Ts65Dn,Memantine,S/C,t-SC-m
757,Ts65Dn,Memantine,S/C,t-SC-m
758,Ts65Dn,Memantine,S/C,t-SC-m
759,Ts65Dn,Memantine,S/C,t-SC-m
760,Ts65Dn,Memantine,S/C,t-SC-m
761,Ts65Dn,Memantine,S/C,t-SC-m
762,Ts65Dn,Memantine,S/C,t-SC-m
763,Ts65Dn,Memantine,S/C,t-SC-m
764,Ts65Dn,Memantine,S/C,t-SC-m
765,Ts65Dn,Memantine,S/C,t-SC-m
766,Ts65Dn,Memantine,S/C,t-SC-m
767,Ts65Dn,Memantine,S/C,t-SC-m
768,Ts65Dn,Memantine,S/C,t-SC-m
769,Ts65Dn,Memantine,S/C,t-SC-m
770,Ts65Dn,Memantine,S/C,t-SC-m
771,Ts65Dn,Memantine,S/C,t-SC-m
772,Ts65Dn,Memantine,S/C,t-SC-m
773,Ts65Dn,Memantine,S/C,t-SC-m
774,Ts65Dn,Memantine,S/C,t-SC-m
775,Ts65Dn,Memantine,S/C,t-SC-m
776,Ts65Dn,Memantine,S/C,t-SC-m
777,Ts65Dn,Memantine,S/C,t-SC-m
778,Ts65Dn,Memantine,S/C,t-SC-m
779,Ts65Dn,Memantine,S/C,t-SC-m
780,Ts65Dn,Memantine,S/C,t-SC-m
781,Ts65Dn,Memantine,S/C,t-SC-m
782,Ts65Dn,Memantine,S/C,t-SC-m
783,Ts65Dn,Memantine,S/C,t-SC-m
784,Ts65Dn,Memantine,S/C,t-SC-m
785,Ts65Dn,Memantine,S/C,t-SC-m
786,Ts65Dn,Memantine,S/C,t-SC-m
787,Ts65Dn,Memantine,S/C,t-SC-m
788,Ts65Dn,Memantine,S/C,t-SC-m
789,Ts65Dn,Memantine,S/C,t-SC-m
790,Ts65Dn,Memantine,S/C,t-SC-m
791,Ts65Dn,Memantine,S/C,t-SC-m
792,Ts65Dn,Memantine,S/C,t-SC-m
793,Ts65Dn,Memantine,S/C,t-SC-m
794,Ts65Dn,Memantine,S/C,t-SC-m
795,Ts65Dn,Memantine,S/C,t-SC-m
796,Ts65Dn,Memantine,S/C,t-SC-m
797,Ts65Dn,Memantine,S/C,t-SC-m
798,Ts65Dn,Memantine,S/C,t-SC-m
799,Ts65Dn,Memantine,S/C,t-SC-m
800,Ts65Dn,Memantine,S/C,t-SC-m
801,Ts65Dn,Memantine,S/C,t-SC-m
802,Ts65Dn,Memantine,S/C,t-SC-m
803,Ts65Dn,Memantine,S/C,t-SC-m
804,Ts65Dn,Memantine,S/C,t-SC-m
805,Ts65Dn,Memantine,S/C,t-SC-m
806,Ts65Dn,Memantine,S/C,t-SC-m
807,Ts65Dn,Memantine,S/C,t-SC-m
808,Ts65Dn,Memantine,S/C,t-SC-m
809,Ts65Dn,Memantine,S/C,t-SC-m
810,Ts65Dn,Memantine,S/C,t-SC-m
811,Ts65Dn,Memantine,S/C,t-SC-m
812,Ts65Dn,Memantine,S/C,t-SC-m
813,Ts65Dn,Memantine,S/C,t-SC-m
814,Ts65Dn,Memantine,S/C,t-SC-m
815,Ts65Dn,Memantine,S/C,t-SC-m
816,Ts65Dn,Memantine,S/C,t-SC-m
817,Ts65Dn,Memantine,S/C,t-SC-m
818,Ts65Dn,Memantine,S/C,t-SC-m
819,Ts65Dn,Memantine,S/C,t-SC-m
820,Ts65Dn,Memantine,S/C,t-SC-m
821,Ts65Dn,Memantine,S/C,t-SC-m
822,Ts65Dn,Memantine,S/C,t-SC-m
823,Ts65Dn,Memantine,S/C,t-SC-m
824,Ts65Dn,Memantine,S/C,t-SC-m
825,Ts65Dn,Memantine,S/C,t-SC-m
826,Ts65Dn,Memantine,S/C,t-SC-m
827,Ts65Dn,Memantine,S/C,t-SC-m
828,Ts65Dn,Memantine,S/C,t-SC-m
829,Ts65Dn,Memantine,S/C,t-SC-m
830,Ts65Dn,Memantine,S/C,t-SC-m
831,Ts65Dn,Memantine,S/C,t-SC-m
832,Ts65Dn,Memantine,S/C,t-SC-m
833,Ts65Dn,Memantine,S/C,t-SC-m
834,Ts65Dn,Memantine,S/C,t-SC-m
835,Ts65Dn,Memantine,S/C,t-SC-m
836,Ts65Dn,Memantine,S/C,t-SC-m
837,Ts65Dn,Memantine,S/C,t-SC-m
838,Ts65Dn,Memantine,S/C,t-SC-m
839,Ts65Dn,Memantine,S/C,t-SC-m
840,Ts65Dn,Saline,C/S,t-CS-s
841,Ts65Dn,Saline,C/S,t-CS-s
842,Ts65Dn,Saline,C/S,t-CS-s
843,Ts65Dn,Saline,C/S,t-CS-s
844,Ts65Dn,Saline,C/S,t-CS-s
845,Ts65Dn,Saline,C/S,t-CS-s
846,Ts65Dn,Saline,C/S,t-CS-s
847,Ts65Dn,Saline,C/S,t-CS-s
848,Ts65Dn,Saline,C/S,t-CS-s
849,Ts65Dn,Saline,C/S,t-CS-s
850,Ts65Dn,Saline,C/S,t-CS-s
851,Ts65Dn,Saline,C/S,t-CS-s
852,Ts65Dn,Saline,C/S,t-CS-s
853,Ts65Dn,Saline,C/S,t-CS-s
854,Ts65Dn,Saline,C/S,t-CS-s
855,Ts65Dn,Saline,C/S,t-CS-s
856,Ts65Dn,Saline,C/S,t-CS-s
857,Ts65Dn,Saline,C/S,t-CS-s
858,Ts65Dn,Saline,C/S,t-CS-s
859,Ts65Dn,Saline,C/S,t-CS-s
860,Ts65Dn,Saline,C/S,t-CS-s
861,Ts65Dn,Saline,C/S,t-CS-s
862,Ts65Dn,Saline,C/S,t-CS-s
863,Ts65Dn,Saline,C/S,t-CS-s
864,Ts65Dn,Saline,C/S,t-CS-s
865,Ts65Dn,Saline,C/S,t-CS-s
866,Ts65Dn,Saline,C/S,t-CS-s
867,Ts65Dn,Saline,C/S,t-CS-s
868,Ts65Dn,Saline,C/S,t-CS-s
869,Ts65Dn,Saline,C/S,t-CS-s
870,Ts65Dn,Saline,C/S,t-CS-s
871,Ts65Dn,Saline,C/S,t-CS-s
872,Ts65Dn,Saline,C/S,t-CS-s
873,Ts65Dn,Saline,C/S,t-CS-s
874,Ts65Dn,Saline,C/S,t-CS-s
875,Ts65Dn,Saline,C/S,t-CS-s
876,Ts65Dn,Saline,C/S,t-CS-s
877,Ts65Dn,Saline,C/S,t-CS-s
878,Ts65Dn,Saline,C/S,t-CS-s
879,Ts65Dn,Saline,C/S,t-CS-s
880,Ts65Dn,Saline,C/S,t-CS-s
881,Ts65Dn,Saline,C/S,t-CS-s
882,Ts65Dn,Saline,C/S,t-CS-s
883,Ts65Dn,Saline,C/S,t-CS-s
884,Ts65Dn,Saline,C/S,t-CS-s
885,Ts65Dn,Saline,C/S,t-CS-s
886,Ts65Dn,Saline,C/S,t-CS-s
887,Ts65Dn,Saline,C/S,t-CS-s
888,Ts65Dn,Saline,C/S,t-CS-s
889,Ts65Dn,Saline,C/S,t-CS-s
890,Ts65Dn,Saline,C/S,t-CS-s
891,Ts65Dn,Saline,C/S,t-CS-s
892,Ts65Dn,Saline,C/S,t-CS-s
893,Ts65Dn,Saline,C/S,t-CS-s
894,Ts65Dn,Saline,C/S,t-CS-s
895,Ts65Dn,Saline,C/S,t-CS-s
896,Ts65Dn,Saline,C/S,t-CS-s
897,Ts65Dn,Saline,C/S,t-CS-s
898,Ts65Dn,Saline,C/S,t-CS-s
899,Ts65Dn,Saline,C/S,t-CS-s
900,Ts65Dn,Saline,C/S,t-CS-s
901,Ts65Dn,Saline,C/S,t-CS-s
902,Ts65Dn,Saline,C/S,t-CS-s
903,Ts65Dn,Saline,C/S,t-CS-s
904,Ts65Dn,Saline,C/S,t-CS-s
905,Ts65Dn,Saline,C/S,t-CS-s
906,Ts65Dn,Saline,C/S,t-CS-s
907,Ts65Dn,Saline,C/S,t-CS-s
908,Ts65Dn,Saline,C/S,t-CS-s
909,Ts65Dn,Saline,C/S,t-CS-s
910,Ts65Dn,Saline,C/S,t-CS-s
911,Ts65Dn,Saline,C/S,t-CS-s
912,Ts65Dn,Saline,C/S,t-CS-s
913,Ts65Dn,Saline,C/S,t-CS-s
914,Ts65Dn,Saline,C/S,t-CS-s
915,Ts65Dn,Saline,C/S,t-CS-s
916,Ts65Dn,Saline,C/S,t-CS-s
917,Ts65Dn,Saline,C/S,t-CS-s
918,Ts65Dn,Saline,C/S,t-CS-s
919,Ts65Dn,Saline,C/S,t-CS-s
920,Ts65Dn,Saline,C/S,t-CS-s
921,Ts65Dn,Saline,C/S,t-CS-s
922,Ts65Dn,Saline,C/S,t-CS-s
923,Ts65Dn,Saline,C/S,t-CS-s
924,Ts65Dn,Saline,C/S,t-CS-s
925,Ts65Dn,Saline,C/S,t-CS-s
926,Ts65Dn,Saline,C/S,t-CS-s
927,Ts65Dn,Saline,C/S,t-CS-s
928,Ts65Dn,Saline,C/S,t-CS-s
929,Ts65Dn,Saline,C/S,t-CS-s
930,Ts65Dn,Saline,C/S,t-CS-s
931,Ts65Dn,Saline,C/S,t-CS-s
932,Ts65Dn,Saline,C/S,t-CS-s
933,Ts65Dn,Saline,C/S,t-CS-s
934,Ts65Dn,Saline,C/S,t-CS-s
935,Ts65Dn,Saline,C/S,t-CS-s
936,Ts65Dn,Saline,C/S,t-CS-s
937,Ts65Dn,Saline,C/S,t-CS-s
938,Ts65Dn,Saline,C/S,t-CS-s
939,Ts65Dn,Saline,C/S,t-CS-s
940,Ts65Dn,Saline,C/S,t-CS-s
941,Ts65Dn,Saline,C/S,t-CS-s
942,Ts65Dn,Saline,C/S,t-CS-s
943,Ts65Dn,Saline,C/S,t-CS-s
944,Ts65Dn,Saline,C/S,t-CS-s
945,Ts65Dn,Saline,S/C,t-SC-s
946,Ts65Dn,Saline,S/C,t-SC-s
947,Ts65Dn,Saline,S/C,t-SC-s
948,Ts65Dn,Saline,S/C,t-SC-s
949,Ts65Dn,Saline,S/C,t-SC-s
950,Ts65Dn,Saline,S/C,t-SC-s
951,Ts65Dn,Saline,S/C,t-SC-s
952,Ts65Dn,Saline,S/C,t-SC-s
953,Ts65Dn,Saline,S/C,t-SC-s
954,Ts65Dn,Saline,S/C,t-SC-s
955,Ts65Dn,Saline,S/C,t-SC-s
956,Ts65Dn,Saline,S/C,t-SC-s
957,Ts65Dn,Saline,S/C,t-SC-s
958,Ts65Dn,Saline,S/C,t-SC-s
959,Ts65Dn,Saline,S/C,t-SC-s
960,Ts65Dn,Saline,S/C,t-SC-s
961,Ts65Dn,Saline,S/C,t-SC-s
962,Ts65Dn,Saline,S/C,t-SC-s
963,Ts65Dn,Saline,S/C,t-SC-s
964,Ts65Dn,Saline,S/C,t-SC-s
965,Ts65Dn,Saline,S/C,t-SC-s
966,Ts65Dn,Saline,S/C,t-SC-s
967,Ts65Dn,Saline,S/C,t-SC-s
968,Ts65Dn,Saline,S/C,t-SC-s
969,Ts65Dn,Saline,S/C,t-SC-s
970,Ts65Dn,Saline,S/C,t-SC-s
971,Ts65Dn,Saline,S/C,t-SC-s
972,Ts65Dn,Saline,S/C,t-SC-s
973,Ts65Dn,Saline,S/C,t-SC-s
974,Ts65Dn,Saline,S/C,t-SC-s
975,Ts65Dn,Saline,S/C,t-SC-s
976,Ts65Dn,Saline,S/C,t-SC-s
977,Ts65Dn,Saline,S/C,t-SC-s
978,Ts65Dn,Saline,S/C,t-SC-s
979,Ts65Dn,Saline,S/C,t-SC-s
980,Ts65Dn,Saline,S/C,t-SC-s
981,Ts65Dn,Saline,S/C,t-SC-s
982,Ts65Dn,Saline,S/C,t-SC-s
983,Ts65Dn,Saline,S/C,t-SC-s
984,Ts65Dn,Saline,S/C,t-SC-s
985,Ts65Dn,Saline,S/C,t-SC-s
986,Ts65Dn,Saline,S/C,t-SC-s
987,Ts65Dn,Saline,S/C,t-SC-s
988,Ts65Dn,Saline,S/C,t-SC-s
989,Ts65Dn,Saline,S/C,t-SC-s
990,Ts65Dn,Saline,S/C,t-SC-s
991,Ts65Dn,Saline,S/C,t-SC-s
992,Ts65Dn,Saline,S/C,t-SC-s
993,Ts65Dn,Saline,S/C,t-SC-s
994,Ts65Dn,Saline,S/C,t-SC-s
995,Ts65Dn,Saline,S/C,t-SC-s
996,Ts65Dn,Saline,S/C,t-SC-s
997,Ts65Dn,Saline,S/C,t-SC-s
998,Ts65Dn,Saline,S/C,t-SC-s
999,Ts65Dn,Saline,S/C,t-SC-s
1000,Ts65Dn,Saline,S/C,t-SC-s
1001,Ts65Dn,Saline,S/C,t-SC-s
1002,Ts65Dn,Saline,S/C,t-SC-s
1003,Ts65Dn,Saline,S/C,t-SC-s
1004,Ts65Dn,Saline,S/C,t-SC-s
1005,Ts65Dn,Saline,S/C,t-SC-s
1006,Ts65Dn,Saline,S/C,t-SC-s
1007,Ts65Dn,Saline,S/C,t-SC-s
1008,Ts65Dn,Saline,S/C,t-SC-s
1009,Ts65Dn,Saline,S/C,t-SC-s
1010,Ts65Dn,Saline,S/C,t-SC-s
1011,Ts65Dn,Saline,S/C,t-SC-s
1012,Ts65Dn,Saline,S/C,t-SC-s
1013,Ts65Dn,Saline,S/C,t-SC-s
1014,Ts65Dn,Saline,S/C,t-SC-s
1015,Ts65Dn,Saline,S/C,t-SC-s
1016,Ts65Dn,Saline,S/C,t-SC-s
1017,Ts65Dn,Saline,S/C,t-SC-s
1018,Ts65Dn,Saline,S/C,t-SC-s
1019,Ts65Dn,Saline,S/C,t-SC-s
1020,Ts65Dn,Saline,S/C,t-SC-s
1021,Ts65Dn,Saline,S/C,t-SC-s
1022,Ts65Dn,Saline,S/C,t-SC-s
1023,Ts65Dn,Saline,S/C,t-SC-s
1024,Ts65Dn,Saline,S/C,t-SC-s
1025,Ts65Dn,Saline,S/C,t-SC-s
1026,Ts65Dn,Saline,S/C,t-SC-s
1027,Ts65Dn,Saline,S/C,t-SC-s
1028,Ts65Dn,Saline,S/C,t-SC-s
1029,Ts65Dn,Saline,S/C,t-SC-s
1030,Ts65Dn,Saline,S/C,t-SC-s
1031,Ts65Dn,Saline,S/C,t-SC-s
1032,Ts65Dn,Saline,S/C,t-SC-s
1033,Ts65Dn,Saline,S/C,t-SC-s
1034,Ts65Dn,Saline,S/C,t-SC-s
1035,Ts65Dn,Saline,S/C,t-SC-s
1036,Ts65Dn,Saline,S/C,t-SC-s
1037,Ts65Dn,Saline,S/C,t-SC-s
1038,Ts65Dn,Saline,S/C,t-SC-s
1039,Ts65Dn,Saline,S/C,t-SC-s
1040,Ts65Dn,Saline,S/C,t-SC-s
1041,Ts65Dn,Saline,S/C,t-SC-s
1042,Ts65Dn,Saline,S/C,t-SC-s
1043,Ts65Dn,Saline,S/C,t-SC-s
1044,Ts65Dn,Saline,S/C,t-SC-s
1045,Ts65Dn,Saline,S/C,t-SC-s
1046,Ts65Dn,Saline,S/C,t-SC-s
1047,Ts65Dn,Saline,S/C,t-SC-s
1048,Ts65Dn,Saline,S/C,t-SC-s
1049,Ts65Dn,Saline,S/C,t-SC-s
1050,Ts65Dn,Saline,S/C,t-SC-s
1051,Ts65Dn,Saline,S/C,t-SC-s
1052,Ts65Dn,Saline,S/C,t-SC-s
1053,Ts65Dn,Saline,S/C,t-SC-s
1054,Ts65Dn,Saline,S/C,t-SC-s
1055,Ts65Dn,Saline,S/C,t-SC-s
1056,Ts65Dn,Saline,S/C,t-SC-s
1057,Ts65Dn,Saline,S/C,t-SC-s
1058,Ts65Dn,Saline,S/C,t-SC-s
1059,Ts65Dn,Saline,S/C,t-SC-s
1060,Ts65Dn,Saline,S/C,t-SC-s
1061,Ts65Dn,Saline,S/C,t-SC-s
1062,Ts65Dn,Saline,S/C,t-SC-s
1063,Ts65Dn,Saline,S/C,t-SC-s
1064,Ts65Dn,Saline,S/C,t-SC-s
1065,Ts65Dn,Saline,S/C,t-SC-s
1066,Ts65Dn,Saline,S/C,t-SC-s
1067,Ts65Dn,Saline,S/C,t-SC-s
1068,Ts65Dn,Saline,S/C,t-SC-s
1069,Ts65Dn,Saline,S/C,t-SC-s
1070,Ts65Dn,Saline,S/C,t-SC-s
1071,Ts65Dn,Saline,S/C,t-SC-s
1072,Ts65Dn,Saline,S/C,t-SC-s
1073,Ts65Dn,Saline,S/C,t-SC-s
1074,Ts65Dn,Saline,S/C,t-SC-s
1075,Ts65Dn,Saline,S/C,t-SC-s
1076,Ts65Dn,Saline,S/C,t-SC-s
1077,Ts65Dn,Saline,S/C,t-SC-s
1078,Ts65Dn,Saline,S/C,t-SC-s
1079,Ts65Dn,Saline,S/C,t-SC-s
